Source_ID,Nombre del Producto o Servicio,Precio,DescripciÃģn,Beneficios,CategorÃ­a para Blog,CategorÃ­a Interna / SubcategorÃ­a,Etiqueta,Forma de pago,Link Video,Servicios Incluidos (Ejemplo base)
1,Tu Negocio 24/7 - PÃĄgina Web,360,"La PÃĄgina Web de Marca es un sitio diseÃąado especÃ­ficamente para reflejar la esencia de tu marca, ofreciendo una experiencia visual y funcional Ãšnica. Este servicio es perfecto para emprendedores y negocios que buscan diferenciarse en el entorno digital. Incluye:\n\nDiseÃąo web PREMIUM: Enfocado en la experiencia de usuario (UX), asegurando una navegaciÃģn intuitiva y agradable.\nHasta 5 secciones personalizadas: Inicio, Nosotros, Servicios, GalerÃ­a/Portafolio, Contacto.\nIntegraciÃģn de redes sociales: Con botones interactivos para facilitar la interacciÃģn con tus seguidores.\nGalerÃ­a de imÃĄgenes: Optimizada para una carga rÃĄpida, mejorando la experiencia del usuario.\nBlog o secciÃģn de noticias: Para actualizaciones de contenido y mantener a tu audiencia informada.\nFormulario de contacto anti-SPAM: Para facilitar la comunicaciÃģn y evitar correos no deseados.\nDiseÃąo web 100% adaptable (responsive): Para mÃģviles, tablets y desktops, asegurando una experiencia Ãģptima en cualquier dispositivo.\nCertificado de seguridad SSL: Para proteger los datos de tus usuarios y garantizar una navegaciÃģn segura.\nOptimizaciÃģn bÃĄsica de SEO: IndexaciÃģn en buscadores como Google, mejorando la visibilidad de tu sitio.\nIntegraciÃģn con Google Analytics: Para monitorear el trÃĄfico y el comportamiento de los visitantes, permitiendo tomar decisiones basadas en datos.\nDominio y hosting durante el primer aÃąo: www.tumarca.com.\nEsta soluciÃģn te permitirÃĄ establecer una presencia profesional y destacar entre la competencia.","Beneficios:\nPresencia Profesional: Un diseÃąo web premium que refleja la esencia de tu marca, ayudÃĄndote a establecer una presencia profesional en el entorno digital.\nExperiencia de Usuario Mejorada: DiseÃąo enfocado en la experiencia de usuario (UX), asegurando una navegaciÃģn intuitiva y agradable.\nPersonalizaciÃģn: Hasta 5 secciones personalizadas que se adaptan a las necesidades especÃ­ficas de tu negocio.\nInteracciÃģn Social: IntegraciÃģn de redes sociales con botones interactivos, facilitando la interacciÃģn con tus seguidores.\nOptimizaciÃģn de ImÃĄgenes: GalerÃ­a de imÃĄgenes optimizada para una carga rÃĄpida, mejorando la experiencia del usuario.\nActualizaciones de Contenido: Blog o secciÃģn de noticias para mantener a tu audiencia informada y atraer trÃĄfico orgÃĄnico.\nComunicaciÃģn Segura: Formulario de contacto anti-SPAM para facilitar la comunicaciÃģn y evitar correos no deseados.\nAdaptabilidad: DiseÃąo web 100% adaptable (responsive) para mÃģviles, tablets y desktops, asegurando una experiencia Ãģptima en cualquier dispositivo.\nSeguridad: Certificado de seguridad SSL para proteger los datos de tus usuarios y garantizar una navegaciÃģn segura.\nVisibilidad en Buscadores: OptimizaciÃģn bÃĄsica de SEO para mejorar la visibilidad de tu sitio en buscadores como Google.\nAnÃĄlisis de TrÃĄfico: IntegraciÃģn con Google Analytics para monitorear el trÃĄfico y el comportamiento de los visitantes, permitiendo tomar decisiones basadas en datos.\nDominio y Hosting Incluidos: Dominio y hosting durante el primer aÃąo, facilitando el lanzamiento de tu sitio web.\nEsta soluciÃģn integral te permitirÃĄ diferenciarte en el entorno digital y establecer una presencia profesional que atraiga y retenga a tus clientes.",Posicionamiento y DiseÃąo Web,El Donde,"web marca, pÃĄgina marca, sitio web marca, diseÃąo web marca, presencia online, branding web, imagen de marca online",Pago Ãšnico,https://www.youtube.com/watch?v=eZ0RdctKkh0,
2,Tu Empresa Online - PÃĄgina web + Chatbot,499,"La PÃĄgina Web de Empresa es ideal para negocios que necesitan una plataforma sÃģlida, escalable y profesional que represente su actividad de manera integral. Este servicio incluye:\n\nDesarrollo Web PREMIUM: Con enfoque en diseÃąo corporativo y experiencia de usuario (UX/UI).\nHasta 7 secciones estratÃĐgicas: Inicio, Nosotros, Servicios, Productos, Blog, FAQs, Contacto.\nSecciÃģn de equipo o valores empresariales: Destacando la identidad y misiÃģn de tu negocio.\nFormulario de contacto avanzado anti-SPAM: Con campos personalizados para facilitar la comunicaciÃģn.\nBlog o secciÃģn de noticias corporativas: Para dinamizar el contenido y mantener a tu audiencia informada.\nIntegraciÃģn de herramientas empresariales: Google Maps, Google Analytics y CRM bÃĄsico.\nOptimizaciÃģn avanzada para SEO bÃĄsico: IndexaciÃģn en buscadores y configuraciÃģn inicial de palabras clave.\nCertificado SSL: Para garantizar la seguridad de los usuarios.\nDiseÃąo web adaptable (responsive): Para todos los dispositivos.\nIntegraciÃģn con redes sociales: Para interacciÃģn directa con tus clientes.\nBotÃģn flotante de WhatsApp (opcional): Para consultas instantÃĄneas.\nDominio y hosting durante el primer aÃąo: www.tuempresa.com.\nCon este sitio, tu empresa tendrÃĄ una plataforma moderna, funcional y lista para crecer junto con tus objetivos comerciales.","Plataforma SÃģlida y Profesional: Una plataforma robusta y escalable que representa tu actividad empresarial de manera integral.\nDiseÃąo Corporativo y UX/UI: Desarrollo web PREMIUM enfocado en diseÃąo corporativo y experiencia de usuario, asegurando una navegaciÃģn intuitiva y agradable.\nSecciones EstratÃĐgicas: Hasta 7 secciones estratÃĐgicas que cubren todos los aspectos importantes de tu negocio.\nIdentidad y MisiÃģn: SecciÃģn de equipo o valores empresariales que destaca la identidad y misiÃģn de tu negocio.\nComunicaciÃģn Segura: Formulario de contacto avanzado anti-SPAM con campos personalizados para facilitar la comunicaciÃģn y evitar correos no deseados.\nContenido DinÃĄmico: Blog o secciÃģn de noticias corporativas para mantener a tu audiencia informada y atraer trÃĄfico orgÃĄnico.\nHerramientas Empresariales: IntegraciÃģn de herramientas empresariales como Google Maps, Google Analytics y CRM bÃĄsico para mejorar la funcionalidad del sitio.\nOptimizaciÃģn SEO: OptimizaciÃģn avanzada para SEO bÃĄsico, incluyendo indexaciÃģn en buscadores y configuraciÃģn inicial de palabras clave.\nSeguridad: Certificado SSL para garantizar la seguridad de los usuarios y una navegaciÃģn segura.\nAdaptabilidad: DiseÃąo web adaptable (responsive) para todos los dispositivos, asegurando una experiencia Ãģptima en cualquier dispositivo.\nInteracciÃģn Social: IntegraciÃģn con redes sociales para interacciÃģn directa con tus clientes.\nConsultas InstantÃĄneas: BotÃģn flotante de WhatsApp (opcional) para consultas instantÃĄneas.\nDominio y Hosting Incluidos: Dominio y hosting durante el primer aÃąo, facilitando el lanzamiento de tu sitio web.\nEsta soluciÃģn integral te permitirÃĄ tener una plataforma moderna, funcional y lista para crecer junto con tus objetivos comerciales, mejorando la presencia y la eficiencia de tu negocio en el entorno digital.",Posicionamiento y DiseÃąo Web,El Donde,"web empresa, pÃĄgina empresa, sitio web empresa, diseÃąo web empresa, web corporativa, presencia online empresa, web profesional",Pago Ãšnico,https://www.youtube.com/watch?v=VPmwINpJ_qo,
3,Tu Sucursal Online - Sitio web + Chatbot,950,"El E-commerce (hasta 40 productos) es una soluciÃģn completa y profesional para emprendedores y empresas que buscan un sistema de ventas en lÃ­nea moderno, seguro y optimizado. Este servicio incluye:\n\nDesarrollo Web PREMIUM: Basado en experiencia de usuario (UX).\nSitio web con hasta 7 secciones: Inicio, Tienda, Nosotros, Blog, Contacto, FAQs, PolÃ­ticas.\nCapacidad multilingÃže: (ES/ENG).\nIncorporaciÃģn inicial de hasta 40 productos: Ampliable segÃšn necesidades.\nBuscador de productos en tiempo real.\nCarrito de compras: Con experiencia optimizada para el usuario.\nIntegraciÃģn de botones de pago: Para tarjetas de crÃĐdito/dÃĐbito y PayPal.\nCapacitaciÃģn personalizada: Para la gestiÃģn de inventario y administraciÃģn de la plataforma.\nDiseÃąo web 100% adaptable (responsive): Para mÃģviles, tablets y desktops.\nMapa interactivo de geolocalizaciÃģn.\nFormularios de contacto anti-SPAM: (protecciÃģn avanzada).\nGalerÃ­a de imÃĄgenes de alta calidad.\nIntegraciÃģn completa con redes sociales y herramientas de analÃ­tica: (Google Analytics).\nBotÃģn flotante de WhatsApp: Para comunicaciÃģn directa (opcional).\nConfiguraciÃģn del Pixel de Facebook: Para seguimiento de campaÃąas publicitarias.\nCore de desarrollo optimizado para SEO bÃĄsico: (indexaciÃģn en buscadores).\nOptimizaciÃģn de rendimiento: Velocidad de carga, tÃĐcnicas de caching, y reducciÃģn de tiempos de respuesta.\nMedidas avanzadas de seguridad: ProtecciÃģn anti-hacking, anti-spam y monitoreo.\nCertificado SSL: Para transacciones seguras.","Beneficios Adicionales:\nProductos Bien Organizados: Ofrece a tus clientes una tienda virtual con productos bien organizados y fÃĄcilmente navegables.\nExperiencia de Compra Fluida: Proporciona una experiencia de compra fluida y sin complicaciones, mejorando la satisfacciÃģn del cliente.\nAcceso Global: Atrae a clientes de todo el mundo con una plataforma multilingÃže y adaptable a diferentes dispositivos.\nGestiÃģn Eficiente del Inventario: Facilita la gestiÃģn eficiente del inventario y la administraciÃģn de la plataforma con capacitaciÃģn personalizada.\nInteracciÃģn Directa con Clientes: Permite una comunicaciÃģn directa y efectiva con tus clientes a travÃĐs de WhatsApp y formularios de contacto.\nAnÃĄlisis y Mejora Continua: Utiliza herramientas de analÃ­tica para monitorear el rendimiento de tu tienda y realizar mejoras continuas.\nSeguridad y Confianza: Ofrece a tus clientes una experiencia de compra segura y confiable con medidas avanzadas de seguridad y certificado SSL.\nEstos beneficios adicionales aseguran que tu tienda en lÃ­nea no solo sea funcional y atractiva, sino que tambiÃĐn ofrezca una experiencia de usuario excepcional, facilitando el crecimiento y ÃĐxito de tu negocio.",Posicionamiento y DiseÃąo Web,El Donde,"ecommerce, tienda online, tienda virtual, tienda web, venta online, comercio electrÃģnico, tienda 40 productos, vender online",Pago Ãšnico,https://www.youtube.com/watch?v=7q2l_6KsP6k,
4,Tu Contacto Profesional - Tarjeta Digital Profesional,10,"PÃĄgina web minimalista diseÃąada como tarjeta digital para el primer contacto con clientes, prospectos y audiencia. Transmite una imagen profesional y brinda informaciÃģn clara y concreta, evitando sobrecargar al receptor. Incluye: InformaciÃģn de contacto bÃĄsica, enlaces a redes sociales, botÃģn de guardar contacto, formulario de contacto y dominio personalizado (ej: www.mitarjetadigital.me/NOMBRE).","PÃĄgina web minimalista y profesional: Una soluciÃģn rÃĄpida y efectiva para presentar tu marca de manera digital. DiseÃąo intuitivo y adaptable a dispositivos mÃģviles, con dominio personalizado incluido. Ideal para networking y presentaciÃģn bÃĄsica de tu negocio. No requiere mantenimiento complejo y ofrece una experiencia de usuario optimizada.",Posicionamiento y DiseÃąo Web,El Donde,"tarjeta digital, tarjeta virtual, vcard digital, link personal, contacto digital, presentaciÃģn digital, tarjeta digital marca",Pago mensual,https://www.youtube.com/watch?v=gsE4ztfG21M,Incluye dominio enloja.com
5,Tarjeta Digital,60,"La Tarjeta Digital GenÃĐrica es el primer contacto que tendrÃĄn tus clientes, prospectos y audiencia contigo o tu empresa. DiseÃąada para transmitir una imagen profesional y brindar informaciÃģn clara y concreta, evita sobrecargar al receptor para lograr un impacto inmediato. Este servicio incluye:\n\nInformaciÃģn de contacto bÃĄsica: Datos esenciales para que tus clientes puedan comunicarse contigo fÃĄcilmente.\nEnlaces a redes sociales: Facilita la conexiÃģn con tus perfiles en redes sociales.\nBotÃģn de guardar contacto: Permite a tus clientes guardar tu informaciÃģn de contacto de manera rÃĄpida y sencilla.\nFormulario de contacto: Una forma directa para que tus clientes se comuniquen contigo.\nDominio personalizado: Un dominio Ãšnico para tu tarjeta digital, como www.mitarjetadigital.me/NOMBRE.","PÃĄgina web simple y funcional: Facilita el primer contacto con clientes y prospectos. DiseÃąo profesional, adaptable a dispositivos mÃģviles, y dominio personalizado incluido. Ideal para presentaciÃģn bÃĄsica de tu negocio o marca personal. No requiere mantenimiento complejo y ofrece una experiencia de usuario optimizada.",Posicionamiento y DiseÃąo Web,El Donde,"tarjeta digital, tarjeta virtual, vcard digital, link personal, contacto digital, presentaciÃģn digital, tarjeta digital contacto",Pago anual,https://www.youtube.com/watch?v=gsE4ztfG21M,
6,Estrategia Ganar Clientes - PlanificaciÃģn EstratÃĐgica de Marketing,1550,"Es una soluciÃģn integral que avarca un estudio de palabras claves y estrategia de posicionamiento de artÃ­culos, un estudio de la competencia y una consultorÃ­a del negocio...ÂŋCansado de ver cÃģmo tu negocio se queda atrÃĄs mientras la competencia avanza? En el entorno digital actual, no basta con tener una presencia online bÃĄsica. Necesitas una estrategia clara, basada en datos, que te permita atraer clientes de calidad, aumentar tu visibilidad y superar a tu competencia. Nuestro Plan de Marketing Digital te proporciona la hoja de ruta completa para transformar tu presencia online y convertirte en la empresa de referencia en tu sector.\n\nComponentes:\n\nAnÃĄlisis Exhaustivo de Mercado y Competencia:\n\nInvestigaciÃģn profunda de tu mercado objetivo, identificando tendencias, necesidades y oportunidades de crecimiento.\n\nAnÃĄlisis FODA de tu empresa, destacando fortalezas, debilidades, oportunidades y amenazas.\n\nAnÃĄlisis detallado de la presencia online de tus principales competidores, incluyendo palabras clave, estrategias de contenido y redes sociales.\n\nDefiniciÃģn de tu Propuesta de Valor Ãnica (USP):\n\nMetodologÃ­a colaborativa para identificar los elementos que hacen Ãšnica a tu empresa (entrevistas, anÃĄlisis de la competencia, feedback de clientes).\n\nCreaciÃģn de un mensaje claro y conciso que comunique tu USP a tu pÃšblico objetivo.\n\nEstrategia de Posicionamiento Local (SEO):\n\nIdentificaciÃģn de palabras clave relevantes para tu nicho y tu ÃĄrea geogrÃĄfica (hasta 2000 palabras clave analizadas con herramientas profesionales).\n\nEstrategia de creaciÃģn de contenido optimizado para SEO, incluyendo artÃ­culos, posts para redes sociales y videos (ideas concretas para temas a tratar).\n\nAnÃĄlisis de la intenciÃģn de bÃšsqueda de los usuarios para crear contenido que responda a sus preguntas y necesidades.\n\nPlan de AcciÃģn para PromociÃģn y Publicidad (Redes Sociales y Contenido):\n\nEstrategia de marketing de contenidos personalizada para tu empresa, con calendario editorial y sugerencias de temas relevantes.\n\nOptimizaciÃģn de tus perfiles en redes sociales para atraer a tu pÃšblico objetivo.\n\nGuÃ­a detallada para la creaciÃģn de contenido atractivo y efectivo (tips de redacciÃģn persuasiva, formatos de contenido, etc.).\n\nAsesoramiento en la estructura del posteo con ""copy"" y contenido multimedia.\n\nConsultorÃ­a Personalizada (3 Sesiones):\n\nSesiÃģn 1: Entrevista inicial para comprender tus objetivos, tu pÃšblico objetivo y tu situaciÃģn actual.\n\nSesiÃģn 2: RevisiÃģn del borrador del plan y discusiÃģn de ajustes y mejoras.\n\nSesiÃģn 3: PresentaciÃģn del plan final y resoluciÃģn de dudas (presencial u online).\n\nPresupuesto y Sistema de Seguimiento:\n\nElaboraciÃģn de un presupuesto de marketing realista y adaptado a tus necesidades (estimaciÃģn de costos, no incluye inversiÃģn en pauta publicitaria).\n\nDefiniciÃģn de mÃĐtricas clave (KPIs) para medir el ÃĐxito de tus campaÃąas y realizar un seguimiento continuo (ej. trÃĄfico web, leads, conversiones).\n\nHerramientas y plantillas para monitorizar el progreso y analizar los resultados.\n\nSugerencias de Branding (Textos y Colores):\n\nAnÃĄlisis de tu identidad visual actual y sugerencias para mejorar la coherencia y el atractivo de tu marca.\n\nGuÃ­a de estilo con tipografÃ­as, paleta de colores y elementos visuales que reflejen tu USP. Se entrega un manual de estilo de branding.\n\nAnÃĄlisis de tono de la marca.\n\nGarantÃ­a de SatisfacciÃģn y Soporte Continuo:\n\nEstamos tan seguros de que nuestro Plan de Marketing Digital te ayudarÃĄ a transformar tu negocio que te ofrecemos una sesiÃģn de seguimiento a los 3 meses para analizar tus resultados y reajustar la estrategia, si es necesario. Esta sesiÃģn es presencial o remota segÃšn se requiera. La retroalimentaciÃģn se realiza a travÃĐs de llamada en los horarios de la empresa. Queremos que tengas ÃĐxito y estamos comprometidos a ayudarte en cada paso del camino.","Beneficios:\r\n\r\nVisiÃģn Clara y EstratÃĐgica: ObtÃĐn una comprensiÃģn profunda de tu mercado, competencia y pÃšblico objetivo para tomar decisiones informadas y estratÃĐgicas.\r\n\r\nVentaja Competitiva: Diferencia tu marca y destaca en el mercado con una propuesta de valor Ãšnica y una estrategia de posicionamiento sÃģlida.\r\n\r\nAtracciÃģn de Clientes Cualificados: Atrae el tipo de clientes que realmente necesitas, optimizando tu inversiÃģn y aumentando tus ventas.\r\n\r\nMaximizaciÃģn del ROI: Optimiza tus recursos y maximiza el retorno de la inversiÃģn con un presupuesto de marketing eficiente y un sistema de seguimiento preciso.\r\n\r\nImplementaciÃģn Efectiva: Recibe un plan prÃĄctico y detallado, listo para ser implementado por tu equipo o por un community manager.\r\n\r\nConfianza en tus Decisiones: Toma el control de tu marketing digital y toma decisiones informadas y estratÃĐgicas, con el respaldo de datos precisos y un plan sÃģlido.\r\n\r\nCrecimiento Sostenible: Impulsa el crecimiento de tu negocio a largo plazo, construyendo una base sÃģlida y adaptable a los cambios del mercado.\r\n\r\nManual de Estilo de Branding: DefiniciÃģn de tu nuevo manual de estilo con los detalles tÃĐcnicos mÃĄs importantes para generar recordaciÃģn de tu marca.",AnÃĄlisis EstratÃĐgico y Estudios de Mercado,El porque,"plan marketing, estrategia marketing, plan digital marketing, consultorÃ­a marketing, plan estratÃĐgico, plan de negocio marketing",Pago Ãšnico,https://www.youtube.com/shorts/vQNM7EWIYKo,
7,Plan para Salir en Google - Estudio de palabras clave + Estrategia de Posicionamiento + Levantamiento de InformaciÃģn,1300,"ÂŋTe frustra ver que tu sitio web no aparece en los primeros resultados de Google? ÂŋSientes que estÃĄs invirtiendo tiempo y esfuerzo en crear contenido que nadie encuentra? La clave para atraer trÃĄfico cualificado y dominar tu nicho estÃĄ en las palabras clave correctas. Nuestro Estudio de Palabras Clave te revela las ""palabras mÃĄgicas"" que utilizan tus clientes potenciales para encontrar negocios como el tuyo, atrayendo a las personas adecuadas a tu sitio web.\r\n\r\nCon este estudio, dejarÃĄs de adivinar y comenzarÃĄs a:\r\n\r\nConocer el Lenguaje de tus Clientes: Descubre las palabras y frases exactas que tus clientes potenciales utilizan en Google para buscar productos y servicios como los tuyos.\r\n\r\nSuperar a tu Competencia: Analiza las palabras clave que utilizan tus competidores y encuentra oportunidades para posicionarte por encima de ellos.\r\n\r\nCrear Contenido que Atrae: Aprende a utilizar las palabras clave de forma estratÃĐgica en tu sitio web y en tus publicaciones para atraer tanto a Google como a tus clientes.\r\n\r\nConstruir tu Autoridad Online: Posiciona tu sitio web como una referencia en tu sector, convirtiÃĐndote en el experto al que todos recurren.\r\n\r\nDejar de Perder Clientes Potenciales: Atraer a las personas que ya estÃĄn buscando lo que ofreces, aumentando tus oportunidades de venta.\r\n\r\nComponentes del Estudio:\r\n\r\nAnÃĄlisis Exhaustivo de Palabras Clave:\r\n\r\nIdentificaciÃģn de las palabras clave mÃĄs relevantes y de alto volumen de bÃšsqueda en tu nicho especÃ­fico (hasta 2000 palabras clave).\r\n\r\nUtilizaciÃģn de herramientas profesionales de investigaciÃģn de palabras clave (como SEMrush) para obtener datos precisos y actualizados.\r\n\r\nAnÃĄlisis de la intenciÃģn de bÃšsqueda de los usuarios para comprender quÃĐ buscan realmente tus clientes potenciales.\r\n\r\nAnÃĄlisis de la Competencia (EspecÃ­fico):\r\n\r\nEvaluaciÃģn de las palabras clave utilizadas por tus competidores para identificar oportunidades de mejora y estrategias efectivas.\r\n\r\nAnÃĄlisis de la brecha de palabras clave (keyword gap) para identificar tÃĐrminos que tus competidores estÃĄn utilizando y que tÃš estÃĄs perdiendo.\r\n\r\nEntrega de Lista Organizada y EstratÃĐgica:\r\n\r\nPresentaciÃģn de un archivo Excel con las palabras clave categorizadas y filtradas para su uso diario.\r\n\r\nClasificaciÃģn de las palabras clave por relevancia, volumen de bÃšsqueda y dificultad de posicionamiento.\r\n\r\nIdentificaciÃģn de palabras clave principales (para pÃĄginas de destino) y secundarias (para contenido de blog y redes sociales).\r\n\r\nGuÃ­a para la CreaciÃģn de Contenido Optimizado:\r\n\r\nRecomendaciones detalladas para optimizar los elementos on-page de tu sitio web (tÃ­tulos, meta descripciones, encabezados y contenido).\r\n\r\nGuÃ­as para la creaciÃģn de contenido de alta calidad y optimizado para SEO que atraiga y retenga a tu audiencia.\r\n\r\nEstructura recomendada para artÃ­culos de blog y pÃĄginas de destino.\r\n\r\nTÃĐcnicas de redacciÃģn persuasiva y copy SEO.\r\n\r\nEstrategia de Posicionamiento Personalizada:\r\n\r\n* Desarrollo de una estrategia de posicionamiento integral con las palabras clave principales de tu empresa mediante la creaciÃģn de artÃ­culos clusters y pilares. Este plan incluirÃĄ la estructura completa de los artÃ­culos, la interconexiÃģn entre ellos y la optimizaciÃģn para motores de bÃšsqueda.",Deja de Perder Clientes: Atrae a los clientes que te estÃĄn buscando pero no te encuentran.\r\n\r\nAumenta tus Ventas y tus Ingresos: MÃĄs visibilidad significa mÃĄs clientes y mÃĄs ganancias para tu negocio.\r\n\r\nSupera a tu Competencia: PosiciÃģnate por encima de tus rivales y domina tu mercado.\r\n\r\nObtÃĐn un Retorno Real de tu InversiÃģn: Asegura que tu inversiÃģn en marketing digital genere resultados concretos.\r\n\r\nSimplifica tu Estrategia de Marketing: Te damos las herramientas para que atraigas clientes de forma mÃĄs efectiva.\r\n\r\nImplementaciÃģn de Estrategias: El manual servirÃĄ como guÃ­a para la implementaciÃģn de estrategias de marketing recomendadas.\r\n\r\nSeguimiento continuo: Recomendaremos mÃĐtodos para monitorear el desempeÃąo de las palabras clave y las estrategias implementadas\r\n\r\nInformes de Rendimiento: Proporcionaremos plantillas para informes periÃģdicos que detallen el rendimiento de las palabras clave y el progreso hacia los objetivos de posicionamiento,AnÃĄlisis EstratÃĐgico y Estudios de Mercado,El porque,"estudio keywords, keywords research, palabras clave SEO, investigaciÃģn palabras clave, keywords para SEO, palabras clave para negocio",Pago Ãšnico,https://www.youtube.com/shorts/qApjhAxNUv8,
8,AnÃĄlisis de la Competencia - Levantamiento de informaciÃģn,600,"ÂŋTe preocupa que tus competidores te estÃĐn robando clientes online? ÂŋSientes que estÃĄs perdiendo oportunidades por no saber quÃĐ estÃĄn haciendo los demÃĄs? En el mundo digital, no basta con tener una buena idea. Necesitas saber quÃĐ estÃĄn haciendo tus competidores y cÃģmo superarlos. Nuestro Estudio de la Competencia te da la visiÃģn clara que necesitas para dominar el juego online y dejar a tus competidores en el retrovisor.\r\n\r\nImagina poder:\r\n\r\nAnticiparte a sus Movimientos: Descubrir quÃĐ estrategias estÃĄn funcionando para tus competidores y quÃĐ nuevas tÃĄcticas estÃĄn probando.\r\n\r\nIdentificar sus Puntos DÃĐbiles: Encontrar las ÃĄreas donde tus competidores estÃĄn fallando y aprovecharlas para atraer a sus clientes.\r\n\r\nCrear una Estrategia Imbatible: Desarrollar una estrategia de marketing digital que te permita superar a tus competidores y captar la atenciÃģn de tu pÃšblico objetivo.\r\n\r\nDejar de Sentirte Perdido: Tener la confianza de que estÃĄs tomando las decisiones correctas para hacer crecer tu negocio online.\r\n\r\nNuestro anÃĄlisis se enfoca en el mundo digital, donde analizaremos:\r\n\r\nRadiografÃ­a del Mercado Digital:\r\n\r\nIdentificaremos las tendencias online que estÃĄn marcando tu sector y las nuevas oportunidades que estÃĄn surgiendo.\r\n\r\nSegmentaremos a tu pÃšblico objetivo para que puedas crear campaÃąas de marketing online que les hablen directamente a ellos.\r\n\r\nEspionaje EstratÃĐgico de tus Competidores:\r\n\r\nRevelaremos quiÃĐnes son tus competidores mÃĄs importantes en el mundo digital (no solo los que conoces).\r\n\r\nAnalizaremos sus sitios web, redes sociales, campaÃąas de publicidad online, estrategias de contenido y mucho mÃĄs.\r\n\r\nAnalizaremos el SEO local.\r\n\r\nBenchmarking Digital a Fondo:\r\n\r\nCompararemos tu presencia online con la de tus competidores para identificar dÃģnde te estÃĄs quedando atrÃĄs y dÃģnde puedes destacar.\r\n\r\nRecomendaciones Claras y Accionables:\r\n\r\nTe daremos un plan de acciÃģn con pasos especÃ­ficos para que puedas diferenciarte de la competencia y atraer mÃĄs clientes online.\r\n\r\nTe mostraremos cÃģmo puedes mejorar tu sitio web, tus redes sociales, tu contenido y tus campaÃąas de publicidad online para superar a tus competidores.","Deja de Sentirte Inseguro: Toma decisiones de marketing online con confianza, sabiendo que estÃĄs basado en datos sÃģlidos sobre tu competencia.\r\n\r\nDescubre Oportunidades Ocultas: Encuentra nichos de mercado sin explotar, palabras clave valiosas y nuevas formas de conectar con tus clientes online.\r\n\r\nDesarrolla Estrategias Imbatibles: Crea campaÃąas de marketing online que te permitan superar a tus competidores y conseguir mÃĄs clientes.\r\n\r\nAhorra Tiempo y Dinero: Evita cometer errores costosos al seguir estrategias probadas y optimizadas para tu sector.\r\n\r\nDomina el Mercado Digital: ConviÃĐrtete en el lÃ­der online de tu sector, atrayendo a mÃĄs clientes y aumentando tus ventas.",AnÃĄlisis EstratÃĐgico y Estudios de Mercado,El porque,"anÃĄlisis competencia, estudio competidores, benchmarking, espionaje competencia, anÃĄlisis rivales, conocer competencia",Pago Ãšnico,,
9,Consultoria Empresarial - Mentoria para iniciar un proyecto,250,"ÂŋTe sientes estancado y sin rumbo claro en tu negocio? ÂŋTienes una gran idea, pero no sabes cÃģmo llevarla a la realidad? ÂŋTe preocupa que tus esfuerzos no estÃĐn dando los resultados que esperabas? La clave para despegar tu negocio y alcanzar tus sueÃąos estÃĄ en tener una direcciÃģn clara y una estrategia sÃģlida. Nuestra ConsultorÃ­a Empresarial te ayuda a definir el rumbo de tu negocio, a crear una visiÃģn inspiradora y a construir una base sÃģlida para un futuro prÃģspero.\r\n\r\nCon nuestra consultorÃ­a, dejarÃĄs de sentirte perdido y comenzarÃĄs a:\r\n\r\nEncontrar tu PropÃģsito: Aclarar la misiÃģn y los valores de tu negocio, conectando con lo que realmente te apasiona y te impulsa.\r\n\r\nCrear un Futuro Inspirador: Definir una visiÃģn clara y ambiciosa para tu negocio, motivando a tu equipo y atrayendo a tus clientes ideales.\r\n\r\nDiferenciarte de la Competencia: Desarrollar una Propuesta de Valor Ãnica (PVU) que te permita destacar en el mercado y atraer a los clientes que realmente valoran lo que ofreces.\r\n\r\nTomar Decisiones con Confianza: Tener una base sÃģlida para tomar decisiones estratÃĐgicas y dirigir tu negocio con seguridad y propÃģsito.\r\n\r\nAlcanzar tus Metas: Trazar una hoja de ruta clara y efectiva para lograr tus objetivos de crecimiento y rentabilidad.\r\n\r\nNuestro servicio incluye:\r\n\r\nSesiÃģn de Descubrimiento:\r\n\r\nAnÃĄlisis profundo de tu negocio, incluyendo tus fortalezas, debilidades, oportunidades y amenazas (AnÃĄlisis FODA).\r\n\r\nEvaluaciÃģn de tu mercado objetivo y de tu competencia.\r\n\r\nIdentificaciÃģn de tus valores y de lo que te apasiona de tu negocio.\r\n\r\nDefiniciÃģn de MisiÃģn y VisiÃģn:\r\n\r\nCreaciÃģn de una declaraciÃģn de misiÃģn clara y concisa que refleje el propÃģsito de tu negocio.\r\n\r\nDesarrollo de una visiÃģn inspiradora que describa el futuro que deseas crear para tu negocio.\r\n\r\nDesarrollo de tu Propuesta de Valor Ãnica (PVU):\r\n\r\nIdentificaciÃģn de los elementos que hacen Ãšnica a tu marca y que la diferencian de la competencia.\r\n\r\nCreaciÃģn de un mensaje claro y persuasivo que comunique tu PVU a tus clientes potenciales.\r\n\r\nPresupuesto y Retorno de la InversiÃģn (ROI):\r\n\r\nSe presenta un anÃĄlisis detallado con estrategias de marketing digital y como tomar las acciones de manera eficaz.\r\n\r\nEstrategia de Marketing Digital:\r\n\r\nSe realiza un estudio profundo de las acciones de marketing digital que debe tener la empresa en la actualidad.","Con nuestra consultorÃ­a, podrÃĄs:\r\n\r\nDefinir el Rumbo de tu Negocio: ObtÃĐn claridad y enfoque para tomar decisiones con seguridad y propÃģsito.\r\n\r\nInspirar a tu Equipo y Crear una Cultura SÃģlida: Motiva a tus empleados y construye una base sÃģlida para el ÃĐxito a largo plazo.\r\n\r\nDestacar en el Mercado y Atraer a MÃĄs Clientes: Diferencia tu marca y conquista a tu pÃšblico objetivo.\r\n\r\nConstruir un Negocio Sostenible y Rentable: Crece de manera sÃģlida y constante, asegurando tu futuro financiero.\r\n\r\nAlinear tus Acciones con tus Objetivos: Maximiza tu potencial y alcanza el ÃĐxito que mereces.\r\n\r\nEn esta versiÃģn, he movido los beneficios al principio, presentÃĄndolos como una transformaciÃģn que el cliente puede lograr. ÂŋTe parece que funciona mejor asÃ­?",AnÃĄlisis EstratÃĐgico y Estudios de Mercado,El porque,"consultoria negocio, asesoria empresa, consultoria pymes, asesoria emprendedores, consultoria estratÃĐgica, asesoria empresarial online",Pago Ãšnico,https://www.youtube.com/watch?v=vMS5YqpV0Qo,
10,AuditorÃ­a SEO y rediseÃąo de un sitio web (No incluye estudio de palabras claves),650,"ÂŋSientes que tu sitio web no estÃĄ dando los resultados que esperabas? ÂŋTe preocupa que tus clientes potenciales no te encuentren en Google? ÂŋTu web se ve anticuada y poco atractiva? La clave para transformar tu sitio web en una mÃĄquina de atracciÃģn de clientes estÃĄ en una AuditorÃ­a SEO exhaustiva y un diseÃąo estratÃĐgico.\n\nNuestro servicio te proporciona una evaluaciÃģn completa de tu sitio web, revelando los problemas que estÃĄn frenando su rendimiento y ofreciÃĐndote un plan de acciÃģn claro para mejorar su visibilidad, usabilidad y atractivo.\n\nÂŋQuÃĐ DescubrirÃĄs y LograrÃĄs?\n\nPor QuÃĐ tu Web No Aparece en Google: Identificaremos los problemas tÃĐcnicos y de contenido que estÃĄn impidiendo que tu sitio web se posicione en los primeros resultados de bÃšsqueda.\n\nQuÃĐ Hacen tus Competidores para Atraer Clientes: Analizaremos las estrategias SEO de tus principales competidores para identificar oportunidades de mejora y diferenciaciÃģn.\n\nCÃģmo Crear una Experiencia de Usuario Irresistible: Mejoraremos la estructura, la navegaciÃģn y el diseÃąo visual de tu sitio web para que sea fÃĄcil de usar, atractivo y memorable.\n\nQuÃĐ Contenido AtraerÃĄ a tus Clientes Ideales: Crearemos un plan para la creaciÃģn y optimizaciÃģn de contenido relevante, Ãštil y atractivo para tu audiencia objetivo.\n\nComponentes del Servicio:\n\nAuditorÃ­a SEO Profunda:\n\nAnÃĄlisis TÃĐcnico: EvaluaciÃģn de la velocidad de carga, la optimizaciÃģn para dispositivos mÃģviles, la estructura de URLs, y la presencia de errores tÃĐcnicos (enlaces rotos, cÃģdigos de estado incorrectos, etc.).\n\nAnÃĄlisis de Contenido: RevisiÃģn de la calidad y relevancia del contenido existente, la optimizaciÃģn de palabras clave, la estructura de encabezados y la densidad de palabras clave.\n\nAnÃĄlisis de Backlinks: EvaluaciÃģn de la calidad y cantidad de enlaces entrantes (backlinks) que apuntan a tu sitio web.\n\nAnÃĄlisis de la Competencia: ComparaciÃģn del rendimiento SEO de tu sitio web con el de tus principales competidores.\n\nRediseÃąo EstratÃĐgico del Sitio Web:\n\nEstructura y NavegaciÃģn: Recomendaciones para mejorar la estructura y navegaciÃģn del sitio web, asegurando que sea intuitiva y fÃĄcil de usar.\n\nDiseÃąo Visual: Sugerencias de mejoras en el diseÃąo visual del sitio web para que sea atractivo y coherente con la identidad de la marca.\n\nOptimizaciÃģn de la Experiencia del Usuario (UX): Propuesta de mejoras en la experiencia del usuario, incluyendo la facilidad de uso, la accesibilidad y la satisfacciÃģn del usuario.\n\nContenido Optimizado: Plan para la creaciÃģn y optimizaciÃģn de contenido que sea relevante, Ãštil y atractivo para tu audiencia objetivo.\n\nPlan de ImplementaciÃģn Detallado:\n\nHoja de ruta con acciones especÃ­ficas, responsables y plazos para la implementaciÃģn de las recomendaciones de la auditorÃ­a SEO y el rediseÃąo del sitio web.\n\nGuÃ­as y plantillas para la optimizaciÃģn de contenido, la estructura de URLs, y la creaciÃģn de enlaces internos y externos.\n\nMonitoreo y EvaluaciÃģn:\n\nSeguimiento del desempeÃąo del sitio web tras la implementaciÃģn de las recomendaciones.\n\nInformes periÃģdicos que detallen el rendimiento del sitio web y el progreso hacia los objetivos de SEO y usabilidad.","Mayor Visibilidad en Google: Atrae mÃĄs trÃĄfico orgÃĄnico y llega a tus clientes potenciales cuando te estÃĄn buscando.\r\n\r\nAtracciÃģn de Clientes de Calidad: Aumenta el nÃšmero de visitantes que se convierten en clientes.\r\n\r\nExperiencia de Usuario Irresistible: Ofrece a tus visitantes una experiencia de navegaciÃģn fluida, intuitiva y agradable.\r\n\r\nImagen Profesional y Moderna: Transmite confianza y credibilidad a tus clientes potenciales con un diseÃąo web atractivo y actualizado.\r\n\r\nRetorno de InversiÃģn (ROI) Optimizado: Aprovecha al mÃĄximo tu inversiÃģn en marketing digital, generando resultados medibles y sostenibles.",Posicionamiento y DiseÃąo Web,El porque,"auditoria SEO web, rediseÃąo web SEO, mejorar SEO web, optimizar web SEO, auditoria sitio web, rediseÃąo pÃĄgina web SEO",Pago Ãšnico,https://www.youtube.com/watch?v=vMS5YqpV0Qo,
11,Ahorra tiempo y dinero automatizando procesos,350,"ÂŋTe sientes abrumado por tareas repetitivas que consumen tu tiempo y energÃ­a? ÂŋTe frustra ver que los errores humanos estÃĄn afectando la calidad de tu trabajo? ÂŋSueÃąas con un negocio mÃĄs eficiente, productivo y rentable? La clave para liberarte de la carga operativa y desatar el potencial de tu negocio estÃĄ en la AutomatizaciÃģn Inteligente.\r\n\r\nNuestro servicio te proporciona las herramientas y la guÃ­a que necesitas para implementar flujos de trabajo automatizados que optimicen tus operaciones diarias, permitiÃĐndote enfocarte en lo que realmente importa: hacer crecer tu negocio.\r\n\r\nÂŋQuÃĐ LograrÃĄs con la AutomatizaciÃģn?\r\n\r\nLiberar tu Tiempo: Dedica mÃĄs tiempo a tareas estratÃĐgicas que generen valor para tu negocio, delegando las tareas repetitivas a la automatizaciÃģn.\r\n\r\nEliminar Errores Costosos: Reduce los errores humanos y mejora la precisiÃģn en la ejecuciÃģn de tareas, evitando pÃĐrdidas econÃģmicas y problemas con tus clientes.\r\n\r\nMultiplicar tu Productividad: Optimiza tus procesos empresariales y aumenta la eficiencia de tu equipo, logrando mÃĄs con menos recursos.\r\n\r\nOfrecer un Servicio Impecable: Asegura que las tareas se realicen de manera consistente y estandarizada, mejorando la calidad de tu servicio y la satisfacciÃģn de tus clientes.\r\n\r\nComponentes del Servicio:\r\n\r\nAnÃĄlisis de Procesos:\r\n\r\nIdentificaciÃģn de los procesos de tu negocio que son susceptibles de automatizaciÃģn.\r\n\r\nEvaluaciÃģn de las necesidades especÃ­ficas de tu empresa.\r\n\r\nDiseÃąo y ConfiguraciÃģn de Flujos de Trabajo:\r\n\r\nCreaciÃģn de flujos de trabajo automatizados adaptados a las necesidades especÃ­ficas de tu negocio.\r\n\r\nConfiguraciÃģn de las herramientas y plataformas necesarias.\r\n\r\nApertura de Cuentas y Conexiones:\r\n\r\nConfiguraciÃģn inicial y la apertura de cuentas necesarias para la implementaciÃģn de la automatizaciÃģn.\r\n\r\nAsegurar la conexiÃģn entre las diversas herramientas automatizadas\r\n\r\nPruebas y ValidaciÃģn:\r\n\r\nRealizaciÃģn de pruebas exhaustivas para asegurar que las automatizaciones funcionen correctamente antes de su implementaciÃģn.\r\n\r\nCapacitaciÃģn Personalizada:\r\n\r\nProporcionamos una capacitaciÃģn para que tu equipo comprenda cÃģmo funcionan las automatizaciones y pueda gestionarlas de manera efectiva.\r\n\r\nEntregamos un plan para que lo implemente una persona con pocos conocimientos","MÃĄs Tiempo para Crecer: LibÃĐrate de tareas repetitivas y concÃĐntrate en hacer crecer tu negocio.\r\n\r\nMenos Errores, MÃĄs Ganancias: Reduce los errores humanos y mejora la precisiÃģn, evitando pÃĐrdidas econÃģmicas.\r\n\r\nProductividad Disparada: Optimiza tus procesos y aumenta la eficiencia de tu equipo.\r\n\r\nCalidad Impecable: Ofrece un servicio consistente y estandarizado que supere las expectativas de tus clientes.\r\n\r\nNegocio Escalable: Prepara tu negocio para crecer sin lÃ­mites, automatizando tareas y procesos.",Automatizaciones para reducir costos,El Como,"automatizar tareas, automatizaciÃģn negocio, procesos automatizados, optimizar procesos, reducir costos automatizaciÃģn, eficiencia automatizaciÃģn",Pago Ãšnico,https://www.youtube.com/watch?v=p14Y_kd185Q,
12,AutomatizaciÃģn adicional,100,"La AutomatizaciÃģn Adicional de Procesos Empresariales es un servicio que complementa la automatizaciÃģn inicial, permitiendo la implementaciÃģn de nuevos flujos de trabajo automatizados segÃšn las necesidades cambiantes de tu negocio. Este servicio te permite continuar optimizando tus operaciones, mejorando la eficiencia y ahorrando tiempo y recursos.. Costo del Servicio:\nEl costo de cada AutomatizaciÃģn Adicional de Procesos Empresariales es de $100 dÃģlares. Este precio incluye todos los componentes mencionados anteriormente.\n\nEste servicio de AutomatizaciÃģn Adicional de Procesos Empresariales proporcionarÃĄ a tu empresa las herramientas y la guÃ­a necesarias para continuar optimizando tus operaciones, mejorar la eficiencia y escalar tu negocio de manera efectiva.","Beneficios:\nAhorro de Tiempo: Automatiza tareas adicionales repetitivas y rutinarias, permitiendo a tu equipo enfocarse en actividades de mayor valor.\nReducciÃģn de Errores: Minimiza los errores humanos y mejora la precisiÃģn en la ejecuciÃģn de tareas.\nEficiencia Operativa: Optimiza los procesos empresariales, mejorando la productividad y la eficiencia general.\nConsistencia: Asegura que las tareas se realicen de manera consistente y estandarizada, mejorando la calidad del servicio.\nComponentes Incluidos:\nConfiguraciÃģn de Nuevos Flujos de Trabajo: DiseÃąo y configuraciÃģn de nuevos flujos de trabajo automatizados adaptados a las necesidades especÃ­ficas de tu negocio.\nPruebas y ValidaciÃģn: RealizaciÃģn de pruebas exhaustivas para asegurar que las nuevas automatizaciones funcionen correctamente antes de su implementaciÃģn.\nOptimizaciÃģn Continua: RevisiÃģn y optimizaciÃģn de las automatizaciones existentes para asegurar su eficiencia y efectividad continuas.\nSoporte y Mantenimiento: Proporcionamos soporte continuo y mantenimiento de las automatizaciones para asegurar que funcionen sin problemas.",Automatizaciones para reducir costos,El Como,"automatizaciÃģn extra, automatizar mÃĄs, optimizar costos, reducir gastos, automatizaciÃģn complementaria, flujos de trabajo automatizados",Pago Ãšnico,https://www.youtube.com/watch?v=VPmwINpJ_qo,
13,Asistente 24/7,500,"DescripciÃģn del Servicio (Precio de inicio $500 dÃģlares, dependerade las funcionalidades especÃ­ficas del cliente el precio final): Asistente Online\nDescripciÃģn del Servicio:\n\nEl servicio de Asistente Online es una soluciÃģn integral que proporciona asistencia personalizada y automatizada para mejorar la interacciÃģn con tus clientes y optimizar tus procesos empresariales. Este asistente estÃĄ diseÃąado para responder preguntas frecuentes, proporcionar informaciÃģn relevante y guiar a los usuarios a travÃĐs de diversas tareas, mejorando la eficiencia y la experiencia del cliente.\n\n","Beneficios:\n\nMejora en la Experiencia del Cliente: Proporciona respuestas rÃĄpidas y precisas a las consultas de los clientes, mejorando su satisfacciÃģn y lealtad.\nAhorro de Tiempo: Automatiza tareas repetitivas y rutinarias, permitiendo a tu equipo enfocarse en actividades de mayor valor.\nDisponibilidad 24/7: Ofrece asistencia continua, incluso fuera del horario de oficina, asegurando que los clientes siempre reciban la ayuda que necesitan.\nConsistencia en la InformaciÃģn: Asegura que la informaciÃģn proporcionada sea consistente y estandarizada, mejorando la calidad del servicio.\nEscalabilidad: Facilita el crecimiento de tu negocio al permitir la rÃĄpida implementaciÃģn de nuevas funcionalidades segÃšn sea necesario.\nComponentes Incluidos:\n\nConfiguraciÃģn Inicial: Incluye la configuraciÃģn y personalizaciÃģn del asistente online segÃšn las necesidades especÃ­ficas de tu negocio.\nIntegraciÃģn con Sistemas Existentes: Asegura la integraciÃģn fluida del asistente con tus sistemas y plataformas actuales, como sitios web, aplicaciones mÃģviles y CRM.\nDesarrollo de Flujos de ConversaciÃģn: DiseÃąo y configuraciÃģn de flujos de conversaciÃģn automatizados que guÃ­en a los usuarios a travÃĐs de diversas tareas y consultas.\nPruebas y ValidaciÃģn: RealizaciÃģn de pruebas exhaustivas para asegurar que el asistente funcione correctamente antes de su implementaciÃģn.\nCapacitaciÃģn: Proporcionamos una breve capacitaciÃģn para que tu equipo comprenda cÃģmo funciona el asistente y pueda gestionarlo de manera efectiva.",Automatizaciones para reducir costos,El Como,"asistente virtual, chatbot negocio, asistente web, atenciÃģn cliente automatizada, asistente online pymes, chatbot para web",Pago Ãšnico,https://www.youtube.com/shorts/roAyrA3HktM,
14,App para tu Negocio,500,"El precio inicial de una aplicaciÃģn es de $500, dependiendo de su complejidad, horas de programaciÃģn y compromiso como desarrolladores se fijara el precio definitivo. Desarrollo de una aplicaciÃģn para escritorio y movil, con tareas especÃ­ficas para el cliente, inclyen protocolos de seguridad",Minimizar ciertos procesos del trabajo diario,Automatizaciones para reducir costos,El Como,"aplicaciones web, software negocio, apps para empresas, aplicaciones a medida, software personalizado, herramientas automatizaciÃģn",Pago Ãšnico,,
15,Consulta MÃĐdica para tu Negocio,50,"ÂŋTe sientes atascado y necesitas una guÃ­a para tomar decisiones importantes en tu negocio? ÂŋTe enfrentas a desafÃ­os especÃ­ficos y buscas soluciones prÃĄcticas y personalizadas? ÂŋAnhelas tener claridad, direcciÃģn y un plan de acciÃģn para alcanzar tus metas? Nuestras AsesorÃ­as Personalizadas son la brÃšjula que necesitas para navegar con confianza hacia el ÃĐxito.\r\n\r\nA travÃĐs de nuestras sesiones de consultorÃ­a, obtendrÃĄs la claridad, la estrategia y el apoyo necesarios para superar tus obstÃĄculos, optimizar tus procesos y tomar decisiones informadas que impulsen el crecimiento de tu negocio.\r\n\r\nComponentes del Servicio:\r\n\r\nSesiÃģn de ConsultorÃ­a EstratÃĐgica:\r\n\r\nUna sesiÃģn de [DuraciÃģn: ej. 60, 90] minutos de consultorÃ­a personalizada, que puede realizarse de manera presencial o virtual segÃšn tu preferencia.\r\n\r\nEspacio dedicado a explorar tus desafÃ­os, metas y oportunidades.\r\n\r\nAnÃĄlisis Previo Personalizado:\r\n\r\nRevisiÃģn previa de la informaciÃģn relevante sobre tu negocio para asegurar que la asesorÃ­a estÃĐ bien fundamentada y adaptada a tus necesidades.\r\n\r\n[Menciona cualquier material o informaciÃģn que el cliente deba proporcionar antes de la sesiÃģn.]\r\n\r\nRecomendaciones EspecÃ­ficas y Accionables:\r\n\r\nProporcionamos recomendaciones prÃĄcticas y especÃ­ficas basadas en el anÃĄlisis y la discusiÃģn durante la sesiÃģn.\r\n\r\nIdentificaciÃģn de los pasos a seguir para implementar las soluciones.\r\n\r\nSeguimiento EstratÃĐgico: Consulta online sin costo\r\n\r\nOfrecemos un breve seguimiento posterior a la sesiÃģn para aclarar cualquier duda adicional y asegurar la correcta implementaciÃģn de las recomendaciones a travÃĐs de una consulta online sin costo.\r\n\r\n[Especifica el mÃĐtodo de seguimiento: email, llamada telefÃģnica, etc.]","Con nuestras AsesorÃ­as Personalizadas, podrÃĄs:\r\n\r\nObtener Claridad y Enfoque: Elimina la confusiÃģn y define una direcciÃģn clara para tu negocio.\r\n\r\nRecibir Soluciones Personalizadas: ObtÃĐn recomendaciones y estrategias adaptadas especÃ­ficamente a tus necesidades y objetivos.\r\n\r\nTomar Decisiones con Confianza: Basar tus decisiones en informaciÃģn precisa y anÃĄlisis detallados.\r\n\r\nOptimizar tus Procesos y Aumentar tu Eficiencia: Identifica ÃĄreas de mejora y recibe sugerencias prÃĄcticas para optimizar tus operaciones.\r\n\r\nResolver tus Dudas y Superar tus Inquietudes: Aclara cualquier duda o inquietud relacionada con tu negocio, obteniendo respuestas claras y prÃĄcticas de expertos.",AnÃĄlisis EstratÃĐgico y Estudios de Mercado,El porque,"asesoria negocio, consultoria online, asesoria pymes, consultoria personalizada, guÃ­a para negocio, consejo empresarial",PÃĄgo Ãšnico,,
16,Plantillas para PÃĄginas Web,50,"(REQUIERE CONOCIMIENTO EN WORDPRESS) ÂŋNecesitas una web para tu negocio? Descarga e instala un ZAP y consigue un diseÃąo profesional en minutos, sin dolores de cabeza y sin conocimientos previos. Cada ZAP incluye un vÃ­deo explicativo paso a paso de cÃģmo debes hacerlo. Usa el soporte para dudas incluido si necesitas ayuda.\n\nCaracterÃ­sticas:\nFÃĄcil InstalaciÃģn: Descarga e instala tu ZAP en minutos sin necesidad de conocimientos tÃĐcnicos.\nDiseÃąo Profesional: ObtÃĐn un diseÃąo profesional y atractivo para tu pÃĄgina web sin complicaciones.\nVÃ­deo Explicativo: Cada ZAP incluye un vÃ­deo explicativo paso a paso para guiarte en el proceso de instalaciÃģn.\nSoporte Incluido: Accede a soporte para resolver cualquier duda que puedas tener durante la instalaciÃģn.\nOpciones Disponibles:\nTodos\nVarios (31)\nTiendas Online (16)\nAcademias (10)\nInmobiliarias (6)\nHoteles (3)\nNegocios de Alimentos o Bebidas (1)","Beneficios:\nAhorro de Tiempo: Instala tu pÃĄgina web en minutos, REQUIERE CONOCIMIENTOS DE WORDPRESS.\nDiseÃąo Profesional: Consigue un diseÃąo atractivo y profesional para tu negocio.\nFacilidad de Uso: No necesitas ser un experto en tecnologÃ­a para instalar y configurar tu ZAP.\nApoyo Continuo: Cuenta con soporte incluido para resolver cualquier duda o problema.",Posicionamiento y DiseÃąo Web,El Como,"plantillas web wordpress, templates wordpress, diseÃąo web predefinido, plantillas para negocios, templates web profesionales",PÃĄgo Ãšnico,https://www.youtube.com/shorts/kea2Z2bNyIw,
17,InstalaciÃģn de Plantillas para pÃĄginas web,150,"(REQUIERE CONOCIMIENTO EN WORDPRESS)ÂŋNecesitas ayuda para instalar tu ZAP? Ofrecemos un servicio de instalaciÃģn de plantillas para pÃĄginas web, asegurando que tu sitio estÃĐ listo y funcionando en poco tiempo. Nuestro equipo se encargarÃĄ de todo el proceso, desde la descarga hasta la configuraciÃģn final, para que puedas enfocarte en lo que realmente importa: tu negocio.\n\nCaracterÃ­sticas:\nInstalaciÃģn Completa: Dejaremos tu sitio online con todos los aspectos tÃĐcnicos listos y te explicaremos como continues con su personalizaciÃģn.\nConfiguraciÃģn Personalizada: IntegraciÃģn de redes sociales y botÃģn de WhatsApp de tu negocio.\nRÃĄpida ImplementaciÃģn: Tu sitio web estarÃĄ listo y funcionando en poco tiempo. La personalizaciÃģn de productos, subir imagenes, modificaciones de textos son responsabilidad del usuario.","Beneficios:\nSin Preocupaciones: Deja la instalaciÃģn de la plantilla en manos de expertos y enfÃģcate en tu personalizar las imagenes, los textos, productos de tu negocio.\nResultados Profesionales: ObtÃĐn un sitio web profesional y atractivo sin complicaciones.\nAhorro de Tiempo: Evita el estrÃĐs y el tiempo de aprender a instalar la plantilla por ti mismo.\nCon estos dos productos, podrÃĄs ofrecer a tus clientes una soluciÃģn completa para crear y mantener sus pÃĄginas web de manera fÃĄcil y eficiente.(REQUIERE CONOCIMIENTO EN WORDPRESS)",AnÃĄlisis EstratÃĐgico y Estudios de Mercado,El Como,"instalar plantilla wordpress, configurar plantilla web, ayuda wordpress, instalaciÃģn templates wordpress, servicio instalaciÃģn web",Pago Ãšnico,,
18,Auditoria web Automatizada,30,"(REQUIERE CONOCIMIENTO EN WORDPRESS)ÂŋNecesitas ayuda para instalar tu ZAP? Ofrecemos un servicio de instalaciÃģn de plantillas para pÃĄginas web, asegurando que tu sitio estÃĐ listo y funcionando en poco tiempo. Nuestro equipo se encargarÃĄ de todo el proceso, desde la descarga hasta la configuraciÃģn final, para que puedas enfocarte en lo que realmente importa: tu negocio.\n\nCaracterÃ­sticas:\nInstalaciÃģn Completa: Dejaremos tu sitio online con todos los aspectos tÃĐcnicos listos y te explicaremos como continues con su personalizaciÃģn.\nConfiguraciÃģn Personalizada: IntegraciÃģn de redes sociales y botÃģn de WhatsApp de tu negocio.\nRÃĄpida ImplementaciÃģn: Tu sitio web estarÃĄ listo y funcionando en poco tiempo. La personalizaciÃģn de productos, subir imagenes, modificaciones de textos son responsabilidad del usuario.","Beneficios:\nSin Preocupaciones: Deja la instalaciÃģn de la plantilla en manos de expertos y enfÃģcate en tu personalizar las imagenes, los textos, productos de tu negocio.\nResultados Profesionales: ObtÃĐn un sitio web profesional y atractivo sin complicaciones.\nAhorro de Tiempo: Evita el estrÃĐs y el tiempo de aprender a instalar la plantilla por ti mismo.\nCon estos dos productos, podrÃĄs ofrecer a tus clientes una soluciÃģn completa para crear y mantener sus pÃĄginas web de manera fÃĄcil y eficiente.(REQUIERE CONOCIMIENTO EN WORDPRESS)",Posicionamiento y DiseÃąo Web,El Porque,"analisis, seo, informe, auditorÃ­a, posicionamiento, sitio, web, visibilidad, no aparece en internet, visiÃģn en internet",Pago Ãšnico,,
19,"PÃĄginas web ""GO 2025"" - Tu primera pÃĄgina web",150,"PÃGINA WEB âGO 2025â\nPÃĄgina web estÃĄtica\no Precio: $150\no Forma de pago: Pago Ãšnico\no DescripciÃģn: La PÃĄgina Web âGO 2025â es ideal para negocios y profesionales que necesitan una plataforma sÃģlida, escalable y profesional que represente su actividad de manera integral. Este servicio incluye:\nï§ Desarrollo Web CÃDIGO: DiseÃąo intuitive, enfocado en la experiencia de usuario (UX/UI).\nï§ Dominio y hosting durante el primer aÃąo: www.tuempresa.com.\nï§ Cabecera fija con logo y dos botones WhatsApp y Compartir\nï§ 3 secciones: Portada, servicios o productos y contactos.\nï§ CoinfiguraciÃģn de la palabra clave principal y 3 relacionadas..\no \n","Beneficios: BÃĄsicamente ofrece la posibilidad de posicionar tu sitio web que tiene tu dominio propio es decir el nombre de tu empresa o tu nombre vinculado con palabras claves, es bÃĄscamente mejor que la tarjeta digital\nï§ Plataforma sÃģlida y profesional.\nï§ ComunicaciÃģn rÃĄpida mediante WhatsApp.\nï§ Aumento de la visibilidad online con la optimizaciÃģn para SEO bÃĄsica.\nï§ Seguridad con certificado SSL para la protecciÃģn de datos del usuario.\no MÃĄs informaciÃģn: Ver Video ð PÃĄgina Web de Empresa",Posicionamiento y DiseÃąo Web,El Donde,"pÃĄgina web bÃĄsica, web simple, sitio web econÃģmico, pÃĄgina web estÃĄtica, web go, pÃĄgina web rÃĄpida",Pago Ãšnico,https://www.youtube.com/shorts/kea2Z2bNyIw,
20,Socio para Crecer - Posicionamiento Web,250,"Este no es un servicio, es una sociedad estratÃĐgica. En lugar de un gran desembolso inicial por desarrollo y estudios, proponemos una alianza a largo plazo. OBJETIVO asume la inversiÃģn inicial completa en el desarrollo de su ecosistema digital (valorado en hasta $X,XXX USD) a cambio de un compromiso de gestiÃģn mensual. Nos convertimos en su equipo de marketing digital dedicado y exclusivo en su sector.\n\nEste modelo estÃĄ diseÃąado para alinear nuestros objetivos con los suyos: si ustedes crecen, nosotros crecemos. Nos encargamos de todo el ecosistema digital para que usted pueda enfocarse en dirigir su negocio.","InversiÃģn Inicial Cero en Desarrollo: Eliminamos la barrera de entrada econÃģmica. El desarrollo del sitio web y/o el estudio de mercado corre por nuestra cuenta como parte de la alianza.\nâĒ Equipo Dedicado y Exclusivo: Garantizamos por contrato que no trabajaremos con su competencia directa en la zona, asegurando que todos nuestros esfuerzos se centren en su ÃĐxito.\nâĒ Crecimiento Sostenible y Medible: Nos enfocamos en una estrategia de largo plazo con informes mensuales de mÃĐtricas clave (trÃĄfico, leads, posicionamiento) para demostrar el retorno de la inversiÃģn.\nâĒ Flujo de Caja Predecible: Para usted, el costo es una mensualidad fija y predecible, lo que facilita la planificaciÃģn financiera sin sorpresas.\nâĒ SoluciÃģn Integral 'Llave en Mano': Incluye el desarrollo inicial, la estrategia, la creaciÃģn de contenido (artÃ­culos de blog), la gestiÃģn de redes sociales y el mantenimiento tÃĐcnico. Todo en un solo paquete.",Posicionamiento y DiseÃąo Web,El Como,"alianza digital, socio marketing, iguala mensual, crecimiento garantizado, marketing integral, partner digital, exclusividad de sector",Pago Mensual,,"âĒ Desarrollo de Sitio Web Profesional (Ecommerce o Empresa).\nâĒ Estudio EstratÃĐgico de Mercado y Competencia.\nâĒ GestiÃģn mensual de SEO y Redes Sociales (ej: 10 artÃ­culos, 20 publicaciones).\nâĒ Mantenimiento tÃĐcnico y optimizaciÃģn continua del sitio.\nâĒ Informes mensuales de rendimiento."
21,El Antes de Endeudarte - Estudio de Factibilidad,3500,"Escucharemos tu idea de negocio y la someteremos a distintos estudios para comprobar si realmente es o no viable iniciarla. Este estudio te servira para presentarlo en una entidad financiera para poder buscar financiamiento. Los estudios entregables son Estudio de mercado, competencia, palabras claves, analisis financiero, fundamentos de la empresa (objetivos, metas, misiÃģn, visiÃģn, propuesta de valor.","La mejor inversiÃģn si quieres entrar a un negocio con los nÃšmeros claros, con las proyecciones financieras que se convierten en tus metas, con las reglas claras de la competenci a la cuÃĄl se debe vencer y que tus desiciones no serÃĄn al azar, serÃĄn basadas en un estudio completo de mercado.",AnÃĄlisis EstratÃĐgico y Estudios de Mercado,El porque,"factibilidad, estudio de implementaciÃģn, estudios de mercado, anÃĄlisis de la competencia, estudio de palabras claves, estrategia de posicionamiento",Pago Ãšnico,,
22,Procesos Lentos y Caros - ReingenierÃ­a de Procesos,1500,"Si no solo sientes que tienes procesos lentos, tambiÃĐn te lo dicen tus empleados y mas personas, nuestra empresa serÃĄ tu aliado en este proceso, compartiendo el tiempo con tus trabajadores, mapearemos cada paso que ellos hacen y determinaremos banderas rojas donde una automatizaciÃģn, un software a medida, una app de pago, etc. Impulsen un mejor rendimiento, la reducciÃģn de costos y mejores utilidades.","La reingenierÃ­a de procesos esta enfocada en optimizar los tiempos en los que normalmente se ejecutan ciertos procesos, optimizarlos para reducir costos y obtener ahorros puntuales en el presupuesto administrativo y operativo en la empresa,  sin duda es ingresar al mundo actual con una pequeÃąa inversiÃģn",AnÃĄlisis EstratÃĐgico y Estudios de Mercado,El porque,"inteligencia artificial, inteligencia artificial para procesos, automatizaciÃģn, reingenierÃ­a, rediseÃąo de procesos",Pago Ãšnico,,23,Plan Emprendedor (Restaurantes),250,Tu menú digital completo en 1 página optimizada + Código QR dinámico + Actualizaciones ilimitadas + 1 aņo dominio/hosting,Para restaurantes con menú del día o carta ejecutiva. Incluye menú y QR dinámico.,Restaurantes,Planes Menú Digital,menu digital, plan emprendedor restaurante,Pago único,,
24,Plan Crecimiento (Restaurantes),500,Tu menú digital con hasta 8 páginas organizadas + QR dinámico + Actualizaciones + 1 aņo dominio/hosting + Galería,Para cafeterías bistrós o restaurantes en expansión. Incluye galería de fotos.,Restaurantes,Planes Menú Digital,menu digital 8 paginas, plan crecimiento restaurante,Pago único,,
25,Plan Pro (Restaurantes),700,Tu menú digital con hasta 20 páginas + QR dinámico + Actualizaciones + 2 aņos dominio/hosting + Galería + Redes Sociales,Para restaurantes con carta extensa y rotación frecuente. Incluye integración con redes.,Restaurantes,Planes Menú Digital,menu digital 20 paginas, plan pro restaurante,Pago único,,
26,Plan Posicionamiento (Restaurantes),1000,Tu menú digital con hasta 40 páginas + QR dinámico + Blog + Actualizaciones + 2 aņos dominio/hosting + Galería + Redes,Para restaurantes que buscan posicionamiento internacional. Incluye blog.,Restaurantes,Planes Menú Digital,menu digital 40 paginas, plan posicionamiento restaurante,Pago único,,
27,Plan Pro (Hoteles),700,Tu Hotel Digital (10 págs) + Reservas WhatsApp + QR dinámico + Galería + 1 aņo dominio/hosting + Capacitación,Para hostales o hoteles pequeņos (5-15 habs). ROI proyectado: 4-5 reservas/mes.,Hoteles,Planes Hotel Digital,hotel digital 10 paginas, plan pro hotel,Pago único,,
28,Plan Élite (Hoteles),1800,Tu Hotel Digital Ampliado (20 págs) + Reservas sin comisión + Secciones especiales + Posicionamiento Google (50+ keywords) + 15 artículos SEO,Para hoteles de 10-40 habs. ROI proyectado: 10-15 reservas/mes.,Hoteles,Planes Hotel Digital,hotel digital 20 paginas, plan elite hotel,Pago único,,
29,Plan Imperio (Hoteles),2800,Tu Imperio Digital (40 págs hotel+rest) + Menú digital + Galería premium + Estrategia IA (30 artículos) + Informes mensuales (12 meses),Para hoteles boutique o cadenas (20-80 habs). ROI proyectado: 20-30 reservas/mes.,Hoteles,Planes Hotel Digital,hotel digital 40 paginas, plan imperio hotel,Pago único,,
